曲名,難易度,STDORDX,譜面定数,レベル,画像ファイル名

ビビデバ,MAS,DX,11.8,11+,ビビデバ.png
ビビデバ,ReMAS,DX,13.2,13,ビビデバ.png
Åntinomiε,MAS,DX,14.6,14+,Åntinomiε.png
Åntinomiε,EXP,DX,12.8,12+,Åntinomiε.png
はいよろこんで,MAS,DX,11.6,11+,はいよろこんで.png
はいよろこんで,ReMAS,DX,13.2,13,はいよろこんで.png
シカ色デイズ,MAS,DX,12.8,12+,シカ色デイズ.png
もういいよ,MAS,DX,13.1,13,もういいよ.png
きゅびずむ,MAS,DX,12.9,12+,きゅびずむ.png
モエチャッカファイア,MAS,DX,13.8,13+,モエチャッカファイア.png
メズマライザー,MAS,DX,11.9,11+,メズマライザー.png
メズマライザー,ReMAS,DX,13.8,13+,メズマライザー.png
ももいろの鍵,MAS,DX,12.7,12+,ももいろの鍵.png
マヌルネコのうた,MAS,DX,13.0,13,マヌルネコのうた.png
のだ,MAS,DX,13.3,13,のだ.png
スナネコのうた,MAS,DX,13.4,13,スナネコのうた.png
ゆりかご,MAS,DX,13.0,13,ゆりかご.png
月光,MAS,DX,13.7,13+,月光.png
Idoratrize World,MAS,DX,13.3,13,Idoratrize World.png
M@GICAL☆CURE! LOVE ♥ SHOT!,MAS,DX,13.7,13+,M@GICAL☆CURE! LOVE ♥ SHOT!.png
Synthesis.,MAS,DX,14.1,14,Synthesis..png
Overjoy ★ OVERDOSE!!,MAS,DX,14.1,14,Overjoy ★ OVERDOSE!!.png
Synthesis.,EXP,DX,12.6,12+,Synthesis..png
DATAERR0R,MAS,DX,14.0,14,DATAERR0R.png
きゅびびびびずむ,MAS,DX,13.8,13+,きゅびびびびずむ.png
ネコ日和。,MAS,DX,13.7,13+,ネコ日和。.png
きゅびびびびずむ,EXP,DX,12.0,12,きゅびびびびずむ.png
なないろちほー,,,14.7,14+,なないろちほー.png
ATLUS RUSH,MAS,DX,14.7,14+,ATLUS RUSH.png
Fraq,MAS,DX,13.7,13+,Fraq.png
ATLUS RUSH,EXP,DX,12.6,12+,ATLUS RUSH.png
Fraq,EXP,DX,12.2,12,Fraq.png
ウタヒメナイトストーム,MAS,DX,13.8,13+,ウタヒメナイトストーム.png
あいたい星人,MAS,DX,13.2,13,あいたい星人.png
ハオ,MAS,DX,13.2,13,ハオ.png
Feel The Luv,MAS,DX,13.8,13+,Feel The Luv.png
好きな惣菜発表ドラゴン,MAS,DX,12.5,12,好きな惣菜発表ドラゴン.png
Zitronectar,MAS,DX,14.3,14,Zitronectar.png
Zitronectar,EXP,DX,12.0,12,Zitronectar.png
概して過誤,MAS,DX,13.7,13+,概して過誤.png
Unfinished Epic,MAS,DX,13.8,13+,Unfinished Epic.png
Supersonic Generation,MAS,DX,13.9,13+,Supersonic Generation.png
Supersonic Generation,EXP,DX,11.7,11+,Supersonic Generation.png
忙シー日,MAS,DX,14.2,14,忙シー日.png
ゴーゴー幽霊船,MAS,DX,13.0,13,ゴーゴー幽霊船.png
FLΛME/FRΦST,MAS,DX,14.8,14+,FLΛMEFRΦST.png
FLΛME/FRΦST,EXP,DX,12.9,12+,FLΛMEFRΦST.png

"Help me, ERINNNNNN!!",MAS,DX,13.3,13,"Help me, ERINNNNNN!!.png"
超最終鬼畜妹フランドール・S,MAS,DX,13.9,13+,超最終鬼畜妹フランドール・S.png
超最終鬼畜妹フランドール・S,EXP,DX,12.6,12+,超最終鬼畜妹フランドール・S.png
Destined Marionette,MAS,DX,14.2,14,Destined Marionette.png
Destined Marionette,EXP,DX,12.5,12,Destined Marionette.png
MYTH Re：LEASE,MAS,DX,14.5,14,MYTH Re：LEASE.png
MYTH Re：LEASE,EXP,DX,12.9,12+,MYTH Re：LEASE.png
クーネル・エンゲイザー,MAS,DX,12.8,12+,クーネル・エンゲイザー.png
ゼロトーキング,MAS,DX,13.2,13,ゼロトーキング.png
抜錨,MAS,DX,13.0,13,抜錨.png
Dragoon,MAS,DX,13.7,13+,Dragoon.png

うぇいびー,MAS,DX,13.0,13,うぇいびー.png
うぇいびー,ReMAS,DX,13.7,13+,うぇいびー.png
RED,MAS,DX,13.3,13,RED.png
ホラフキパペット,MAS,DX,13.6,13+,ホラフキパペット.png
なんかノイズにきこえる,MAS,DX,13.7,13+,なんかノイズにきこえる.png
BlackFlagBreaker!!,MAS,DX,13.8,13+,BlackFlagBreaker!!.png