曲名,難易度,STDORDX,スコア
ビビデバ,ReMAS,DX,999696
はいよろこんで,ReMAS,DX,1005063
アイドル,ReMAS,DX,1004574
勇者,ReMAS,DX,989748
踊,ReMAS,DX,998761
INTERNET YAMERO,ReMAS,DX,994210
廻廻奇譚,ReMAS,DX,976270
青春コンプレックス,ReMAS,DX,997924
シリウスの輝きのように,ReMAS,DX,977197
プラネタリウム・レヴュー,ReMAS,DX,1001383
Future,ReMAS,STD,1007559
メズマライザー,ReMAS,DX,993039
ダーリンダンス,ReMAS,DX,997278
バグ,ReMAS,DX,983980
フォニイ,ReMAS,DX,1007699
熱異常,ReMAS,DX,966738
神っぽいな,ReMAS,DX,907677
ラビットホール,ReMAS,DX,999959
ヴァンパイア,ReMAS,DX,986564
ヒバナ,ReMAS,STD,993542
妄想感傷代償連盟,ReMAS,STD,980357
酔いどれ知らず,ReMAS,DX,998233
テレキャスタービーボーイ,ReMAS,DX,997827
ロウワー,ReMAS,DX,989066
だんだん早くなる,ReMAS,STD,958176
はやくそれになりたい！,ReMAS,STD,988197
Tell Your World,ReMAS,STD,992013
ブリキノダンス,ReMAS,STD,975500
ロストワンの号哭,ReMAS,STD,965931
ロミオとシンデレラ,ReMAS,DX,966874
幻想に咲いた花,ReMAS,DX,975881
明星ロケット,ReMAS,STD,949113
緋色のDance,ReMAS,STD,983370
マツヨイナイトバグ,ReMAS,DX,944502
ナイト・オブ・ナイツ,ReMAS,STD,897041
最終鬼畜妹フランドール・S,ReMAS,STD,967569
エピクロスの虹はもう見えない,ReMAS,STD,1001158
Bad Apple!! featnomico,ReMAS,STD,990407
Lost Princess,ReMAS,STD,971814
Sky High [Reborn],ReMAS,STD,959622
JACKY [Remix],ReMAS,STD,963267
Burning Hearts ～炎のANGEL～,ReMAS,STD,975608
Save This World νMIX,ReMAS,STD,971468
檄！帝国華撃団(改),ReMAS,STD,1002972
Crush On You,ReMAS,STD,984574
Sun Dance,ReMAS,STD,969763
In Chaos,ReMAS,STD,911901
Rooftop Run: Act1,ReMAS,STD,999176
洗脳,ReMAS,STD,998639
言ノ葉カルマ,ReMAS,STD,969085
ぼくたちいつでも　しゅわっしゅわ！,ReMAS,DX,974600
シエルブルーマルシェ,ReMAS,DX,1004570
STEREOSCAPE,ReMAS,DX,991985
超常マイマイン,ReMAS,DX,966533
みんなのマイマイマー,ReMAS,DX,1002805
FEEL the BEATS,ReMAS,STD,941039
一か罰,ReMAS,DX,989649
アージェントシンメトリー,ReMAS,STD,949889
花と、雪と、ドラムンベース。,ReMAS,STD,982723
Night Fly,ReMAS,STD,992175
Starlight Disco,ReMAS,STD,995601
planet dancer,ReMAS,STD,997860
Backyun! －悪い女－,ReMAS,STD,999269
ガラテアの螺旋,ReMAS,STD,946123
PANDORA PARADOXXX,ReMAS,STD,756649
Link,ReMAS,STD,1003211
We Gonna Party,ReMAS,DX,966496
FFT,ReMAS,STD,968096
Panopticon,ReMAS,STD,942786
D✪N’T ST✪P R✪CKIN’,ReMAS,STD,995944
System “Z”,ReMAS,STD,945881
系ぎて,ReMAS,DX,711632
レーイレーイ,ReMAS,DX,993213

曲名,難易度,STDORDX,スコア
モエチャッカファイア,MAS,DX,996688
もういいよ,MAS,DX,1001765
マヌルネコのうた,MAS,DX,982096
スナネコのうた,MAS,DX,996092
シカ色デイズ,MAS,DX,1002587
きゅびずむ,MAS,DX,1006046
きゅびびびびずむ,MAS,DX,983662
阿修羅ちゃん,MAS,DX,885967
踊,MAS,DX,997921
マツケンサンバⅡ,MAS,DX,996972
INTERNET OVERDOSE,MAS,DX,1006103
だから僕は音楽を辞めた,MAS,DX,986991
前前前世,MAS,STD,998355
廻廻奇譚,MAS,DX,886200
青春コンプレックス,MAS,DX,1002170
愛包ダンスホール,MAS,DX,1004274
モンスターカミング,MAS,DX,1000873
"メイトなやつら（FEAT. 天開司, 佐藤ホームズ, あっくん大魔王 & 歌衣メイカ）",MAS,DX,1008411
夢現妄想世界,MAS,DX,999472
さくゆいたいそう,MAS,DX,985370
バラバラ〜仮初レインボーローズ〜,MAS,DX,996936
偉大なる悪魔は実は大天使パトラちゃん様なのだ！,MAS,DX,985518
シュガーホリック,MAS,DX,998873
Dive into the ZONe,MAS,DX,891414
モンダイナイトリッパー！,MAS,DX,998254
ヒバリ,MAS,DX,1003301
"Hello, Hologram",MAS,DX,985560
ヒトガタ,MAS,DX,1005468
On your mark (104期 Ver.),MAS,DX,1006104
壱雫空,MAS,DX,987912
過去を喰らう,MAS,DX,989962
Burn My Soul,MAS,DX,986461
ULTRA POWER,MAS,DX,969392
あつすぎの歌,MAS,DX,988763
お願いマッスル,MAS,DX,989796
バラライカ,MAS,STD,1004929
ネ！コ！,MAS,STD,976633
REVIVER オルタンシア・サーガ -蒼の騎士団- オリジナルVer.,MAS,STD,969641
fantastic dreamer,MAS,STD,973438
真・ハンサム体操でズンドコホイ,MAS,STD,1004301
GET!! 夢&DREAM,MAS,STD,1004427
POP STAR,MAS,STD,990305
jelly,MAS,STD,1007601
美しく燃える森,MAS,STD,1007783
come again,MAS,STD,999599
true my heart -Lovable mix-,MAS,STD,999875
ガチャガチャきゅ～と・ふぃぎゅ@メイト,MAS,STD,1002762
Rodeo Machine,MAS,STD,992567
ジンギスカン,MAS,STD,977731
ミラクル・ショッピング,MAS,STD,1004458
あいたい星人,MAS,DX,1006363
ハオ,MAS,DX,1000352
M@GICAL☆CURE! LOVE ♥ SHOT!,MAS,DX,1005140
ももいろの鍵,MAS,DX,1002518
のだ,MAS,DX,997901
ゆりかご,MAS,DX,998302
月光,MAS,DX,988017
トンデモワンダーズ,MAS,DX,986770
ザムザ,MAS,DX,1006590
デビルじゃないもん,MAS,DX,1003276
てらてら,MAS,DX,1001510
バグ,MAS,DX,989108
人マニア,MAS,DX,988205
イガク,MAS,DX,983957
フォニイ,MAS,DX,990521
グッバイ宣言,MAS,DX,966938
星界ちゃんと可不ちゃんのおつかい合騒曲,MAS,DX,905330
きゅうくらりん,MAS,DX,996614
RAD DOGS,MAS,DX,985097
劣等上等,MAS,DX,983347
にっこり^^調査隊のテーマ,MAS,DX,1003195
アイディスマイル,MAS,DX,992527
つづみぐさ,MAS,DX,995487
熱異常,MAS,DX,971891
1000年生きてる,MAS,DX,1004008
バベル,MAS,DX,997062
転生林檎,MAS,DX,1002162
匿名M,MAS,DX,977960
ノンブレス・オブリージュ,MAS,DX,991694
神っぽいな,MAS,DX,991885
魔法少女とチョコレゐト,MAS,DX,1000650
頓珍漢の宴,MAS,STD,979969
すろぉもぉしょん,MAS,STD,894526
アニマル,MAS,DX,967465
ヴァンパイア,MAS,DX,986114
乙女解剖,MAS,DX,898785
アンドロイドガール,MAS,DX,979907
ヒバナ,MAS,STD,995643
ゴーストルール,MAS,DX,969765
妄想税,MAS,STD,990809
モザイクロール,MAS,STD,979665
弱虫モンブラン,MAS,STD,1004985
病み垢ステロイド,MAS,DX,1001884
カーニバルハッピー,MAS,DX,997913
ベノム,MAS,DX,998971
失敗作少女,MAS,DX,993152
QUEEN,MAS,DX,1005639
EYE,MAS,DX,987067
KING,MAS,DX,996217
ラヴィ,MAS,DX,995471
エゴロック,MAS,DX,992483
ジャンキーナイトタウンオーケストラ,MAS,DX,971645
テレキャスタービーボーイ,MAS,DX,966459
リアライズ,MAS,DX,1004256
マーシャル・マキシマイザー,MAS,DX,997654
終焉逃避行,MAS,DX,988259
ウルトラトレーラー,MAS,DX,1001223
ライアーダンサー,MAS,DX,1005531
強風オールバック,MAS,DX,997276
寝起きヤシの木,MAS,DX,994529
snooze,MAS,DX,988074
ワールドワイドワンダー,MAS,DX,1001628
演劇,MAS,DX,1001043
ずんだパーリナイ,MAS,DX,990515
エイプリルスター,MAS,DX,998326
オーバーライド,MAS,DX,999414
右に曲ガール,MAS,DX,996065
サイバーサンダーサイダー,MAS,DX,987723
おくすり飲んで寝よう,MAS,DX,999659
バカ通信,MAS,DX,1003049
Freak Out Hr.,MAS,DX,996685
＊ハロー、プラネット。,MAS,DX,981799
スティールユー,MAS,DX,994486
テオ,MAS,DX,984582
グリーンライツ・セレナーデ,MAS,DX,1000155
Alice in 冷凍庫,MAS,DX,995055
キミノヨゾラ哨戒班,MAS,STD,895294
へべれけジャンキー,MAS,DX,983267
ビターチョコデコレーション,MAS,DX,961303
初音天地開闢神話,MAS,DX,967553
終点,MAS,STD,1000952
キャットラビング,MAS,DX,980145
だれかの心臓になれたなら,MAS,DX,972415
命に嫌われている,MAS,DX,986919
まにまに,MAS,DX,935898
春嵐,MAS,DX,989081
ラグトレイン,MAS,DX,1002039
幽霊東京,MAS,DX,942976
ロウワー,MAS,DX,985845
命ばっかり,MAS,STD,984735
フラジール,MAS,STD,975605
フィクサー,MAS,STD,999846
ロキ,MAS,STD,983627
いーあるふぁんくらぶ,MAS,STD,993943
バレリーコ,MAS,STD,984301
猫猫的宇宙論,MAS,DX,984214
明星ギャラクティカ,MAS,DX,993163
彗星ハネムーン,MAS,STD,975047
ダンスロボットダンス,MAS,STD,972992
エイリアンエイリアン,MAS,STD,996003
花となれ,MAS,DX,983638
オシオキGIMMICK!!,MAS,DX,994459
スイートマジック,MAS,STD,977195
ハッピーシンセサイザ,MAS,DX,985755
ハッピーシンセサイザ,MAS,STD,997000
ずんだもんの朝食　〜目覚ましずんラップ〜,MAS,DX,948409
あなたは世界の終わりにずんだを食べるのだ,MAS,DX,985595
ツギハギスタッカート,MAS,DX,1003580
ジェヘナ,MAS,DX,994652
さよならプリンセス,MAS,DX,991050
ただ選択があった,MAS,DX,1003394
悪魔の踊り方,MAS,DX,977818
ドーナツホール,MAS,STD,999846
砂の惑星 feat. HATSUNE MIKU,MAS,STD,948763
ゴーゴー幽霊船,MAS,DX,999088
マトリョシカ,MAS,STD,962660
雨とペトラ,MAS,DX,980167
シャルル,MAS,DX,972022
シャルル,MAS,STD,945948
ナンセンス文学,MAS,STD,984966
脳漿炸裂ガール,MAS,DX,980906
夜咄ディセイブ,MAS,STD,980348
白ゆき,MAS,STD,997816
ウミユリ海底譚,MAS,STD,1009011
だんだん早くなる,MAS,STD,985366
恋愛裁判,MAS,STD,937457
からくりピエロ,MAS,STD,1005528
アンノウン・マザーグース,MAS,STD,969002
アンハッピーリフレイン,MAS,STD,954717
ローリンガール,MAS,STD,977676
ワールズエンド・ダンスホール,MAS,STD,961641
ロールプレイングゲーム,MAS,STD,971625
立ち入り禁止,MAS,STD,944826
カラフル×メロディ,MAS,STD,968439
セツナトリップ,MAS,DX,986240
放課後ストライド,MAS,STD,990913
どぅーまいべすと！,MAS,DX,1005532
再会,MAS,DX,1005328
約束,MAS,DX,996376
+♂,MAS,STD,993238
Seyana. ～何でも言うことを聞いてくれるアカネチャン～,MAS,STD,984509
幾望の月,MAS,DX,981205
ラットが死んだnew words,MAS,DX,979567
阿吽のビーツ,MAS,DX,979456
デリヘル呼んだら君が来た,MAS,DX,998105
ガランド,MAS,DX,1000523
デンパラダイム,MAS,DX,990150
Strobe♡Girl,MAS,DX,989736
六兆年と一夜物語,MAS,DX,933002
インビジブル,MAS,STD,972169
Catch the Wave,MAS,DX,1002794
Hand in Hand,MAS,STD,966304
Tell Your World,MAS,STD,1002381
サヨナラチェーンソー,MAS,DX,1006789
ルカルカ★ナイトフィーバー,MAS,STD,963469
深海少女,MAS,DX,1000919
深海少女,MAS,STD,1000776
Sweetiex2,MAS,STD,991741
天ノ弱,MAS,STD,986798
右肩の蝶,MAS,STD,986378
金の聖夜霜雪に朽ちて,MAS,STD,993549
ブリキノダンス,MAS,STD,983599
おねがいダーリン,MAS,STD,983999
フリィダム ロリィタ,MAS,STD,992296
幸せになれる隠しコマンドがあるらしい,MAS,STD,986070
しねばいいのに,MAS,STD,975470
白い雪のプリンセスは,MAS,STD,983773
ロストワンの号哭,MAS,STD,990909
ゆっくりしていってね！！！,MAS,STD,969273
踊れオーケストラ,MAS,STD,980928
イノコリ先生,MAS,STD,975838
ECHO,MAS,STD,975590
みくみくにしてあげる♪【してやんよ】,MAS,STD,947166
Nyan Cat EX,MAS,STD,953407
どういうことなの！？,MAS,STD,986746
どうしてこうなった,MAS,STD,985323
ダブルラリアット,MAS,STD,987656
教えて!! 魔法のLyric,MAS,STD,999479
BAD∞END∞NIGHT,MAS,STD,981390
ロミオとシンデレラ,MAS,STD,996773
Link,MAS,STD,981153
ないせんのうた,MAS,STD,980323
"Help me, ERINNNNNN!!",MAS,DX,991002
超最終鬼畜妹フランドール・S,MAS,DX,970300
Idoratrize World,MAS,DX,992429
Ultimate taste,MAS,DX,987992
Bad Apple!! feat.nomico (Tetsuya Komuro Remix),MAS,DX,980453
Re:Unknown X,MAS,DX,909787
LOSTPHANTASIA,MAS,DX,1004154
明星ロケット,MAS,STD,977636
緋色のDance,MAS,STD,978119
無間嫉妬劇場『666』,MAS,DX,993892
三妖精SAY YA!!!,MAS,DX,991175
ゆけむり魂温泉 II,MAS,DX,1006220
天狗の落とし文 feat. ｙｔｒ,MAS,DX,983666
天狗の落とし文 feat. ｙｔｒ,MAS,STD,974154
人間が大好きなこわれた妖怪の唄,MAS,DX,1005792
インターネットサバイバー,MAS,DX,1001251
リスペク風神,MAS,DX,1002586
イヤホンロマンス,MAS,DX,993599
マツヨイナイトバグ,MAS,DX,981680
ナイト・オブ・ナイツ,MAS,DX,991109
疾走あんさんぶる,MAS,STD,970046
サドマミホリック,MAS,STD,1004188
最終鬼畜妹フランドール・S,MAS,STD,996743
"Help me, ERINNNNNN!!（Band ver.）",MAS,STD,957556
最速最高シャッターガール,MAS,STD,958972
ウサテイ,MAS,STD,966577
スカーレット警察のゲットーパトロール24時,MAS,DX,1005270
チルノのパーフェクトさんすう教室　⑨周年バージョン,MAS,STD,988342
チルノのパーフェクトさんすう教室,MAS,STD,967394
魔理沙は大変なものを盗んでいきました,MAS,STD,1002137
患部で止まってすぐ溶ける～狂気の優曇華院,MAS,DX,1002955
患部で止まってすぐ溶ける～狂気の優曇華院,MAS,STD,984506
【東方ニコカラ】秘神マターラ feat.魂音泉【IOSYS】,MAS,STD,970234
泡沫、哀のまほろば,MAS,STD,1001928
月に叢雲華に風,MAS,STD,982610
色は匂へど散りぬるを,MAS,STD,941673
Destiny Runner,MAS,DX,973189
Spring of Dreams,MAS,DX,979675
神々が恋した幻想郷,MAS,DX,955283
紅星ミゼラブル～廃憶編,MAS,DX,949264
エピクロスの虹はもう見えない,MAS,STD,992296
下克上々,MAS,DX,967018
隠然,MAS,STD,978145
みんなの,MAS,STD,1000150
幻想のサテライト,MAS,STD,977409
待チ人ハ来ズ。,MAS,STD,997579
響縁,MAS,STD,994652
囲い無き世は一期の月影,MAS,STD,952012
永遠のメロディ,MAS,STD,989329
taboo tears you up,MAS,DX,978456
White Traveling Girl,MAS,STD,996938
No Routine,MAS,STD,974054
Scream out! -maimai SONIC WASHER Edit-,MAS,DX,985999
Scream out! -maimai SONIC WASHER Edit-,MAS,STD,964399
不思議の国のクリスマス,MAS,STD,986841
Bad Apple!! feat.nomico,MAS,STD,965765
橙の幻想郷音頭,MAS,STD,982039
Starlight Dance Floor,MAS,STD,992556
ハウリング,MAS,DX,956247
"Endless, Sleepless Night",MAS,STD,984216
Yakumo >>JOINT STRUGGLE (2019 Update),MAS,DX,953647
Imperishable Night 2006 (2016 Refine),MAS,STD,990374
Overjoy ★ OVERDOSE!!,MAS,DX,974285
Synthesis.,MAS,DX,962192
Chronomia,MAS,DX,952018
New York Back Raise,MAS,DX,984264
INFiNiTE ENERZY -Overdoze-,MAS,DX,990371
神威,MAS,DX,925370
ozma,MAS,DX,957323
月面基地,MAS,DX,971144
"Good Bye, Mr. Jack",MAS,STD,975223
麒麟,MAS,STD,964047
Jack-the-Ripper◆,MAS,STD,987960
VOLT,MAS,DX,974021
tiny tales continue,MAS,DX,920552
OMAKENO Stroke,MAS,DX,976433
Got more raves？,MAS,STD,968375
Scarlet Lance,MAS,STD,942146
Love Kills U,MAS,DX,930183
DANGEROOOOUS JUNGLE,MAS,DX,963005
Let you DIVE!,MAS,DX,1001756
Lights of Muse,MAS,DX,966788
tape/stop/night,MAS,DX,981041
The 90's Decision,MAS,DX,995326
僕の和風本当上手,MAS,DX,984683
Cthugha,MAS,DX,949345
Empire of Winter,MAS,DX,995905
迷える音色は恋の唄,MAS,DX,1002045
Löschen,MAS,DX,947604
Abstruse Dilemma,MAS,DX,938831
Lost Desire,MAS,DX,951998
Alice's Suitcase,MAS,DX,957501
Aegleseeker,MAS,DX,920485
Ether Strike,MAS,DX,984701
Entrance,MAS,DX,947814
Ignis Danse,MAS,STD,902338
ULTRA SYNERGY MATRIX,MAS,DX,974154
ENERGY SYNERGY MATRIX,MAS,DX,977784
ENERGY SYNERGY MATRIX,MAS,STD,961573
PUPA,MAS,DX,897535
プナイプナイせんそう,MAS,DX,945909
Strange Bar,MAS,DX,895441
Make Up Your World feat. キョンシーのCiちゃん & らっぷびと,MAS,DX,999601
ヒミツCULT,MAS,DX,987003
FREEDOM DiVE (tpz Overcute Remix),MAS,STD,950425
Knight Rider,MAS,DX,993374
BULK UP (GAME EXCLUSIVE EDIT),MAS,DX,952621
Trust,MAS,DX,980821
Everybody Say HARDCORE TANO*C,MAS,DX,962762
Mjölnir,MAS,DX,914651
Halcyon,MAS,STD,927540
Altale,MAS,STD,996063
Destr0yer,MAS,DX,979295
Destr0yer,MAS,STD,932270
お願い！コンコンお稲荷さま,MAS,DX,996787
いっぱい食べる君が好きだよ,MAS,DX,1000554
ピポピポ -People People- feat. ななひら,MAS,DX,981294
コンティニュー！ feat. 藍月なくる,MAS,DX,1002792
Sunday Night feat Kanata.N,MAS,DX,1007183
Luminaria,MAS,DX,990271
BANG!,MAS,DX,1002591
Estahv,MAS,DX,975151
Love's Theme of BADASS ～バッド・アス 愛のテーマ～,MAS,DX,959061
BLUE ZONE,MAS,DX,925934
enchanted love,MAS,DX,993605
Caterpillar Song,MAS,DX,993379
Southern Cross,MAS,DX,993152
ヒステリックナイトガール,MAS,DX,991645
NULCTRL,MAS,DX,990166
Re：End of a Dream,MAS,DX,908316
もぺもぺ,MAS,DX,948722
Arty Party,MAS,DX,982971
c.s.q.n.,MAS,DX,970847
emomomo,MAS,DX,983539
アトロポスと最果の探究者,MAS,DX,1000345
サンバランド,MAS,STD,959681
人里に下ったアタイがいつの間にか社畜になっていた件,MAS,STD,936130
Maxi,MAS,DX,962572
Maxi,MAS,STD,963353
conflict,MAS,DX,987604
EVERGREEN,MAS,STD,989980
Sakura Fubuki,MAS,STD,982372
METATRON,MAS,STD,932711
DRAGONLADY,MAS,STD,919255
若い力,MAS,DX,988199
Garden Of The Dragon,MAS,STD,987744
キズナの物語,MAS,STD,995172
STAIRWAY TO GENERATION,MAS,STD,1001491
Last Brave ～ Go to zero,MAS,STD,981917
awake,MAS,STD,984537
Like the Wind [Reborn],MAS,STD,959532
YA･DA･YO [Reborn],MAS,STD,997014
JACKY [Remix],MAS,STD,992724
コトバ・カラフル,MAS,STD,992906
Burning Hearts ～炎のANGEL～,MAS,STD,1006476
かせげ！ジャリンコヒーロー,MAS,STD,961748
ココロスキャンのうた,MAS,STD,989710
セガサターン起動音[H.][Remix],MAS,STD,976119
レッツゴー!陰陽師,MAS,STD,991969
電車で電車でOPA!OPA!OPA! -GMT mashup-,MAS,STD,988767
Urban Crusher [Remix],MAS,STD,995946
Mysterious Destiny,MAS,STD,1005550
怪盗Rのテーマ,MAS,STD,997798
Crush On You,MAS,STD,1005823
Sun Dance,MAS,STD,1009545
In Chaos,MAS,STD,1006018
ばかみたい【Taxi Driver Edition】,MAS,DX,1002309
Outlaw's Lullaby,MAS,STD,939637
鼓動,MAS,STD,990321
Reach For The Stars,MAS,STD,964278
Back 2 Back,MAS,STD,1000482
地獄,MAS,DX,989992
シスターシスター,MAS,DX,999581
Mystic Parade,MAS,DX,999299
ヱデン,MAS,DX,1005061
ヤミツキ,MAS,DX,978015
天国と地獄 -言ノ葉リンネ-,MAS,STD,986244
洗脳,MAS,STD,974534
言ノ葉遊戯,MAS,STD,985132
言ノ葉カルマ,MAS,STD,984325
Fraq,MAS,DX,1000293
ウタヒメナイトストーム,MAS,DX,995126
Feel The Luv,MAS,DX,985121
概して過誤,MAS,DX,996070
パラドクスイヴ,MAS,DX,978921
YKWTD,MAS,DX,985176
エスオーエス,MAS,DX,1005181
のじゃロリック,MAS,DX,995509
チエルカ／エソテリカ,MAS,DX,937899
星空パーティーチューン,MAS,DX,996923
NOIZY BOUNCE,MAS,DX,998533
フェイクフェイス・フェイルセイフ,MAS,DX,984302
シックスプラン,MAS,DX,1002293
フタタビ,MAS,DX,1004976
ふらふらふら、,MAS,DX,1001196
隠密あんみつDX,MAS,DX,996538
トノサマビーム,MAS,DX,950943
ピリオドサイン,MAS,DX,970024
RIFFRAIN,MAS,DX,1003161
プリズム△▽リズム,MAS,DX,1001593
Ourania,MAS,DX,999870
Geranium,MAS,DX,1000879
RE:INCARNATED DRAGNER,MAS,DX,941529
Beginning together!,MAS,DX,997519
Shining Ray ～僕らの絆～,MAS,DX,989171
DEVOTION,MAS,DX,950004
サンバディ！,MAS,DX,1002024
Kairos,MAS,DX,987523
宵の鳥,MAS,DX,1000440
リフヴェイン,MAS,DX,1003432
ツムギボシ,MAS,DX,912793
Rainbow Rush Story,MAS,DX,987455
ホシシズク,MAS,DX,1004460
Jouez Avec Moi?,MAS,DX,999943
ｉｓｏｐｈｏｔｅ,MAS,DX,998258
ヨミビトシラズ,MAS,DX,974167
とびだせ！TO THE COSMIC!!,MAS,DX,981168
VANTABLACK RAVER,MAS,DX,972477
スローアライズ,MAS,DX,987536
Paradisoda,MAS,DX,995938
オリフィス,MAS,DX,996001
居並ぶ穀物と溜息まじりの運送屋,MAS,DX,1006048
ぼくたちいつでも　しゅわっしゅわ！,MAS,DX,970515
REAL VOICE,MAS,DX,1000375
ブレインジャックシンドローム,MAS,DX,994058
絡めトリック利己ライザー,MAS,DX,1002106
Ututu,MAS,DX,988379
STEREOSCAPE,MAS,DX,999404
でらっくmaimai♪てんてこまい!,MAS,DX,995695
OTOGEMA,MAS,DX,986172
タカハせ！名人マン,MAS,STD,1005638
みんなのマイマイマー,MAS,STD,990727
福宿音屋魂音泉,MAS,DX,991137
いっしそう電☆舞舞神拳！,MAS,STD,991849
FEEL ALIVE,MAS,STD,981613
Scarlet Wings,MAS,DX,982540
End of Twilight,MAS,STD,996463
Now or Never,MAS,DX,978996
Justified,MAS,STD,965173
アージェントシンメトリー,MAS,STD,998503
Monochrome Rainbow,MAS,STD,996306
花と、雪と、ドラムンベース。,MAS,STD,932975
FestivaLight,MAS,STD,987464
Kinda Way,MAS,STD,997478
Magical Flavor,MAS,STD,1006150
Selector,MAS,DX,953216
Selector,MAS,STD,968162
CYCLES,MAS,STD,996257
Lionheart,MAS,STD,970340
ぐるぐるWASH！コインランドリー・ディスコ,MAS,STD,995023
Night Fly,MAS,STD,1000648
Starlight Disco,MAS,DX,989454
Starlight Disco,MAS,STD,983722
ENJOY POLIS,MAS,STD,998190
connecting with you,MAS,STD,992870
Believe the Rainbow,MAS,STD,1004226
MIRROR of MAGIC,MAS,STD,978862
ナミダと流星,MAS,DX,1004439
ナミダと流星,MAS,STD,993216
maimaiちゃんのテーマ,MAS,STD,1001371
True Love Song,MAS,STD,985767
炭★坑★節,MAS,STD,984869
ぴぴぱぷぅ！,MAS,STD,995103
maiム・maiム feat.週刊少年マガジン,MAS,STD,999101
QuiQ,MAS,DX,933957
P-qoq,MAS,DX,979379
Flashback,MAS,DX,985449
Colorfull:Encounter,MAS,DX,975669
Oshama Scramble!,MAS,DX,937864
Garakuta Doll Play,MAS,STD,988451
Blew Moon,MAS,STD,972825
天蓋,MAS,DX,961798
Edelweiss,MAS,DX,989133
Lunatic Vibes,MAS,DX,969042
The Cursed Doll,MAS,DX,994876
The Great Banquet,MAS,DX,966406
Swift Swing,MAS,DX,915203
Horoscope Express,MAS,DX,970203
raputa,MAS,DX,835307
モ°ルモ°ル,MAS,DX,979537
Party☆People☆Princess,MAS,DX,922176
POWER OF UNITY,MAS,DX,933289
oboro,MAS,DX,990479
ぽわわん劇場,MAS,DX,961721
渦状銀河のシンフォニエッタ,MAS,STD,964950
enchanted wanderer,MAS,DX,1006191
Comet Panto Men!,MAS,DX,969395
Cider P@rty,MAS,DX,998807
ここからはじまるプロローグ。 (Kanon Remix),MAS,DX,994494
モ°ルモ°ル (MZK Skippin' Remix),MAS,DX,989332
VERTeX (rintaro soma deconstructed remix),MAS,DX,921979
Beat Opera op.1,MAS,DX,975081
[X],MAS,DX,979001
You Mean the World to Me,MAS,DX,989799
VSpook!,MAS,DX,925159
Rising on the horizon,MAS,DX,894158
"""411Ψ892""",MAS,DX,930351
火炎地獄,MAS,STD,980768
N3V3R G3T OV3R,MAS,DX,912121
Irresistible,MAS,DX,987959
天火明命,MAS,STD,966614
Technicians High,MAS,DX,973253
Technicians High,MAS,STD,970575
Round Round Spinning Around,MAS,DX,940410
Alcyone,MAS,DX,966481
華の集落、秋のお届け,MAS,DX,962394
Trick tear,MAS,DX,945819
BLACK SWAN,MAS,DX,918657
躯樹の墓守,MAS,DX,902250
U&iVERSE -銀河鸞翔-,MAS,DX,930033
Alea jacta est!,MAS,STD,932837
Last Samurai,MAS,DX,1000794
Aiolos,MAS,STD,936694
時計の国のジェミニ,MAS,DX,882876
ほしぞらスペクタクル,MAS,DX,948247
Stardust Memories,MAS,DX,982413
GRÄNDIR,MAS,DX,978602
Axeria,MAS,STD,875992
Streak,MAS,STD,992857
Turn around,MAS,STD,993279
Link,MAS,STD,998383
Life Feels Good,MAS,STD,984686
We Gonna Party,MAS,STD,976924
MYTHOS,MAS,STD,951446
四月の雨,MAS,STD,965949
CITRUS MONSTER,MAS,STD,913873
D✪N’T  ST✪P  R✪CKIN’,MAS,STD,968365
Imitation:Loud Lounge,MAS,STD,1003168
Get Happy,MAS,STD,984256
System “Z”,MAS,STD,934120
Mare Maris,MAS,STD,979115
魔ジョ狩リ,MAS,DX,984558
Signature,MAS,STD,989218
Caliburne ～Story of the Legendary sword～,MAS,STD,928357
Acceleration,MAS,STD,994902
Moon of Noon,MAS,STD,892865
Beat of getting entangled,MAS,STD,989311
Fragrance,MAS,STD,885161
Blows Up Everything,MAS,DX,957167
Revive The Rave,MAS,STD,975510
HERA,MAS,STD,958127
系ぎて,MAS,DX,834564
いちげき！のテーマ,MAS,DX,994907
STARTLINER,MAS,DX,1008677
Splash Dance!!,MAS,DX,996954
STARRED HEART,MAS,DX,979687
Transcend Lights,MAS,DX,1007866
撩乱乙女†無双劇,MAS,DX,982600
最っ高のエンタメだ!!,MAS,DX,998537
ポケットからぬりつぶせ！,MAS,DX,984875
Resolution,MAS,DX,988137
タテマエと本心の大乱闘,MAS,DX,999533
ぱくぱく☆がーる,MAS,DX,939603
まっすぐ→→→ストリーム！,MAS,DX,1001486
Radiance,MAS,DX,986723
R'N'R Monsta,MAS,DX,963979
美夜月鏡,MAS,DX,973689
Ai C,MAS,DX,963943
Apollo,MAS,DX,877638
Last Kingdom,MAS,DX,999705
LiftOff,MAS,DX,933043
See The Light,MAS,DX,962208
エータ・ベータ・イータ,MAS,DX,944964
"Good bye, Merry-Go-Round.",MAS,DX,908229
Don't Fight The Music,MAS,DX,939319
Snow Colored Score,MAS,DX,1004220
『ウソテイ』 ～一回戦せりなvsしろなvsなずな～,MAS,DX,960665
brilliant better,MAS,STD,1002860
フォルテシモBELL,MAS,STD,989524
Tic Tac DREAMIN’,MAS,STD,1007697
TRUST,MAS,STD,978074
猫祭り,MAS,STD,1003987
管弦楽組曲 第3番 ニ長調「第2曲（G線上のアリア）」BWV.1068-2,MAS,DX,992893
あねぺったん,MAS,STD,988995
サヨナラフリーウェイ,MAS,DX,987843
We Are Us,MAS,DX,997017
Limits,MAS,DX,990283
インパアフェクシオン・ホワイトガアル,MAS,DX,946345
Ring,MAS,DX,981105
WE'RE BACK!!,MAS,DX,947427
Trrricksters!!,MAS,DX,950117
蜘蛛の糸,MAS,DX,906822
Ghost Dance,MAS,DX,1006237
ピュグマリオンの咒文,MAS,DX,984008
Hainuwele,MAS,DX,938903
コスモポップファンクラブ,MAS,DX,903409
folern,MAS,DX,952556
8-EM,MAS,DX,987300
閃鋼のブリューナク,MAS,STD,968990
ハードコア・シンドローム,MAS,DX,962801
レーイレーイ,MAS,DX,882020
popcorn,MAS,DX,923732
Counselor,MAS,STD,993181
Invitation,MAS,STD,999417
光線チューニング,MAS,STD,995509
Xevel,MAS,STD,897081
My First Phone,MAS,STD,981973
玩具狂奏曲 -終焉-,MAS,DX,947722
BOKUTO,MAS,DX,984565
立川浄穢捕物帳,MAS,DX,960931
エンドマークに希望と涙を添えて,MAS,STD,925380


曲名,難易度,STDORDX,スコア
モエチャッカファイア,EXP,DX,1009861
アイドル,EXP,DX,1006716
阿修羅ちゃん,EXP,DX,957386
INTERNET YAMERO,EXP,DX,1000636
INTERNET OVERDOSE,EXP,DX,995013
だから僕は音楽を辞めた,EXP,DX,1004912
青春コンプレックス,EXP,DX,999053
さくゆいたいそう,EXP,DX,1007097
シリウスの輝きのように,EXP,DX,1009545
プラネタリウム・レヴュー,EXP,DX,1006854
Burn My Soul,EXP,DX,1007020
HUMANBORG,EXP,DX,994916
あつすぎの歌,EXP,DX,1009908
お願いマッスル,EXP,DX,1003351
トンデモワンダーズ,EXP,DX,1004538
バグ,EXP,DX,934714
人マニア,EXP,DX,994964
フォニイ,EXP,DX,979924
グッバイ宣言,EXP,DX,848505
星界ちゃんと可不ちゃんのおつかい合騒曲,EXP,DX,992013
きゅうくらりん,EXP,DX,992519
RAD DOGS,EXP,DX,1006093
劣等上等,EXP,DX,973891
にっこり^^調査隊のテーマ,EXP,DX,1005633
アイディスマイル,EXP,DX,1005998
ノンブレス・オブリージュ,EXP,DX,889245
魔法少女とチョコレゐト,EXP,DX,999519
腐れ外道とチョコレゐト,EXP,STD,999594
ラビットホール,EXP,DX,1008388
アニマル,EXP,DX,989547
アンドロイドガール,EXP,DX,997869
ヒバナ,EXP,STD,958926
ゴーストルール,EXP,DX,1001581
失敗作少女,EXP,DX,990637
QUEEN,EXP,DX,1001713
エンヴィーベイビー,EXP,DX,858704
KING,EXP,DX,1006307
エゴロック,EXP,DX,963018
ジャンキーナイトタウンオーケストラ,EXP,DX,931207
テレキャスタービーボーイ,EXP,DX,1004476
マーシャル・マキシマイザー,EXP,DX,980073
強風オールバック,EXP,DX,1008021
＊ハロー、プラネット。,EXP,DX,999277
テオ,EXP,DX,998449
アスノヨゾラ哨戒班,EXP,DX,932631
キミノヨゾラ哨戒班,EXP,STD,886805
ビターチョコデコレーション,EXP,DX,980946
初音ミクの激唱,EXP,STD,973551
初音ミクの消失,EXP,DX,961355
初音ミクの消失,EXP,STD,980205
デッドマンズバラッド,EXP,DX,962643
終点,EXP,STD,953426
キャットラビング,EXP,DX,1009166
だれかの心臓になれたなら,EXP,DX,888311
命に嫌われている,EXP,DX,1004658
春嵐,EXP,DX,877140
ラグトレイン,EXP,DX,998412
ロウワー,EXP,DX,995914
命ばっかり,EXP,STD,988340
フィクサー,EXP,STD,923052
ロキ,EXP,STD,975147
彗星ハネムーン,EXP,STD,1000578
ダンスロボットダンス,EXP,DX,834431
ダンスロボットダンス,EXP,STD,995217
エイリアンエイリアン,EXP,STD,993512
花となれ,EXP,DX,991673
ずんだもんの朝食　〜目覚ましずんラップ〜,EXP,DX,1004177
ツギハギスタッカート,EXP,DX,1006422
ジェヘナ,EXP,DX,1005145
さよならプリンセス,EXP,DX,1003516
ただ選択があった,EXP,DX,1008501
ドーナツホール,EXP,STD,978417
ナンセンス文学,EXP,STD,990942
脳漿炸裂ガール,EXP,DX,970556
脳漿炸裂ガール,EXP,STD,946267
アウターサイエンス,EXP,STD,962336
夜咄ディセイブ,EXP,STD,945373
カゲロウデイズ,EXP,STD,993230
ウミユリ海底譚,EXP,STD,929551
恋愛裁判,EXP,STD,976462
アンハッピーリフレイン,EXP,STD,980804
裏表ラバーズ,EXP,STD,995642
ワールズエンド・ダンスホール,EXP,STD,960733
セツナトリップ,EXP,DX,936890
セツナトリップ,EXP,STD,973633
約束,EXP,DX,1006281
幾望の月,EXP,DX,992622
六兆年と一夜物語,EXP,DX,906316
六兆年と一夜物語,EXP,STD,966769
敗北の少年,EXP,STD,976090
拝啓ドッペルゲンガー,EXP,STD,985631
人生リセットボタン,EXP,STD,977575
サヨナラチェーンソー,EXP,DX,972390
チュルリラ・チュルリラ・ダッダッダ！,EXP,STD,1001103
天ノ弱,EXP,DX,839097
天ノ弱,EXP,STD,980954
ブリキノダンス,EXP,STD,934791
幸せになれる隠しコマンドがあるらしい,EXP,STD,1001914
白い雪のプリンセスは,EXP,STD,939323
ECHO,EXP,STD,983639
Nyan Cat EX,EXP,STD,980033
Re:Unknown X,EXP,DX,999471
三妖精SAY YA!!!,EXP,DX,898951
天狗の落とし文 feat. ｙｔｒ,EXP,STD,974398
ナイト・オブ・ナイツ (Cranky Remix),EXP,DX,979734
ナイト・オブ・ナイツ,EXP,DX,967224
ナイト・オブ・ナイツ,EXP,STD,976031
Armageddon,EXP,DX,970637
Dive into The Sky ～initialized～,EXP,DX,934962
Scream out! -maimai SONIC WASHER Edit-,EXP,STD,999159
wheel,EXP,DX,977479
Doll Judgment,EXP,STD,995822
Imperishable Night 2006 (2016 Refine),EXP,STD,981560
もうみんなしねばいいのに,EXP,STD,1007204
Overjoy ★ OVERDOSE!!,EXP,DX,1007625
Synthesis.,EXP,DX,1006166
New York Back Raise,EXP,DX,1006653
QUATTUORUX,EXP,DX,985257
INFiNiTE ENERZY -Overdoze-,EXP,DX,981019
神威,EXP,DX,990024
ozma,EXP,DX,992787
月面基地,EXP,DX,971901
"Good Bye, Mr. Jack",EXP,STD,994510
麒麟,EXP,STD,989552
Jack-the-Ripper◆,EXP,STD,1005456
with U,EXP,DX,988633
Love Kills U,EXP,DX,977037
DANGEROOOOUS JUNGLE,EXP,DX,933759
天使光輪,EXP,DX,975031
Let you DIVE!,EXP,DX,983313
僕の和風本当上手,EXP,DX,952627
最強STRONGER,EXP,DX,972077
Aegleseeker,EXP,DX,976481
Cyaegha,EXP,DX,947758
きたさいたま2000,EXP,STD,974448
ULTRA SYNERGY MATRIX,EXP,DX,992836
ENERGY SYNERGY MATRIX,EXP,STD,1003062
PUPA,EXP,DX,959446
MilK,EXP,STD,985132
竹,EXP,DX,990845
プナイプナイせんそう,EXP,DX,949101
Strange Bar,EXP,DX,1000706
FREEDOM DiVE (tpz Overcute Remix),EXP,STD,1001017
BULK UP (GAME EXCLUSIVE EDIT),EXP,DX,998416
Altale,EXP,STD,867580
Destr0yer,EXP,DX,988315
Destr0yer,EXP,STD,970167
Halfway(>∀<),EXP,DX,996993
Luminaria,EXP,DX,994203
エナドリおいしいソング,EXP,DX,991159
Southern Cross,EXP,DX,930905
Re：End of a Dream,EXP,DX,939417
もぺもぺ,EXP,DX,887001
アトロポスと最果の探究者,EXP,DX,861224
Credits,EXP,STD,975433
魔法少女になるしかねぇ,EXP,STD,993476
人里に下ったアタイがいつの間にか社畜になっていた件,EXP,STD,1001343
METATRON,EXP,STD,1003818
DRAGONLADY,EXP,STD,988012
YA･DA･YO [Reborn],EXP,STD,997482
セガサターン起動音[H.][Remix],EXP,STD,972991
Urban Crusher [Remix],EXP,STD,996098
Mysterious Destiny,EXP,STD,1004733
ばかみたい【Taxi Driver Edition】,EXP,DX,981792
パーフェクション,EXP,DX,904400
184億回のマルチトニック,EXP,DX,1007990
チエルカ／エソテリカ,EXP,DX,989797
NOIZY BOUNCE,EXP,DX,997731
フェイクフェイス・フェイルセイフ,EXP,DX,1006085
ミルキースター・シューティングスター,EXP,DX,945879
ツムギボシ,EXP,DX,989915
Rainbow Rush Story,EXP,DX,989701
Jouez Avec Moi?,EXP,DX,889143
ヨミビトシラズ,EXP,DX,954897
とびだせ！TO THE COSMIC!!,EXP,DX,973170
Paradisoda,EXP,DX,909793
居並ぶ穀物と溜息まじりの運送屋,EXP,DX,995522
ぼくたちいつでも　しゅわっしゅわ！,EXP,DX,792488
でらっくmaimai♪てんてこまい!,EXP,DX,983454
FEEL ALIVE,EXP,STD,1003379
花と、雪と、ドラムンベース。,EXP,STD,985200
Kinda Way,EXP,STD,1004763
QuiQ,EXP,DX,997664
Jörqer,EXP,DX,969610
Valsqotch,EXP,DX,989052
封焔の135秒,EXP,DX,976926
Divide et impera!,EXP,DX,998878
mystique as iris,EXP,DX,1007178
TEmPTaTiON,EXP,DX,980718
雨露霜雪,EXP,DX,992584
Our Wrenally,EXP,STD,977645
Garakuta Doll Play,EXP,STD,987462
Deicide,EXP,DX,999090
IF:U,EXP,DX,975469
Edelweiss,EXP,DX,1001532
Bloody Trail,EXP,DX,988754
RondeauX of RagnaroQ,EXP,DX,997849
Ether Second,EXP,DX,991260
Straight into the lights,EXP,DX,962232
The Great Banquet,EXP,DX,1001382
Latent Kingdom,EXP,DX,996592
Swift Swing,EXP,DX,947813
Horoscope Express,EXP,DX,1002425
raputa,EXP,DX,987722
モ°ルモ°ル,EXP,DX,965139
the EmpErroR,EXP,STD,977749
ガラテアの螺旋,EXP,STD,996985
Party☆People☆Princess,EXP,DX,1002920
Redemption,EXP,DX,983253
oboro,EXP,STD,982916
渦状銀河のシンフォニエッタ,EXP,STD,1003861
超熊猫的周遊記（ワンダーパンダートラベラー）,EXP,DX,991163
enchanted wanderer,EXP,DX,992059
Comet Panto Men!,EXP,DX,975640
VeRForTe αRtE:VEiN,EXP,DX,986767
ここからはじまるプロローグ。 (Kanon Remix),EXP,DX,1004139
VERTeX (rintaro soma deconstructed remix),EXP,DX,983300
Beat Opera op.1,EXP,DX,1001055
VIIIbit Explorer,EXP,DX,959860
VIIIbit Explorer,EXP,STD,989648
You Mean the World to Me,EXP,DX,1001014
VSpook!,EXP,DX,973313
"""411Ψ892""",EXP,DX,993985
N3V3R G3T OV3R,EXP,DX,983551
Sage,EXP,DX,1002371
Cryptarithm,EXP,DX,999380
Metamorphosism,EXP,DX,988878
PANDORA PARADOXXX,EXP,STD,952100
天火明命,EXP,STD,1007186
World's end loneliness,EXP,DX,997541
Hyper Active,EXP,STD,1007232
華の集落、秋のお届け,EXP,DX,1000870
躯樹の墓守,EXP,DX,1001416
AMABIE,EXP,DX,980220
Last Samurai,EXP,DX,1002268
Heavenly Blast,EXP,DX,990862
時計の国のジェミニ,EXP,DX,949357
"≠彡""/了→",EXP,DX,985641
Axeria,EXP,STD,996994
Streak,EXP,STD,993832
Turn around,EXP,STD,982373
Link,EXP,STD,1000099
アポカリプスに反逆の焔を焚べろ,EXP,DX,931055
ねぇ、壊れタ人形ハ何処へ棄テらレるノ？,EXP,STD,954131
Imitation:Loud Lounge,EXP,STD,1001385
雷切-RAIKIRI-,EXP,STD,990001
Mare Maris,EXP,STD,992411
魔ジョ狩リ,EXP,DX,987259
Signature,EXP,STD,970018
Black Out,EXP,STD,979851
Fragrance,EXP,STD,960537
HERA,EXP,STD,1000584
ℝ∈Χ LUNATiCA,EXP,DX,996177
ViRTUS,EXP,DX,979733
sølips,EXP,DX,975973
系ぎて,EXP,DX,981776
Transcend Lights,EXP,DX,992923
撩乱乙女†無双劇,EXP,DX,992896
MarbleBlue.,EXP,DX,989179
Apollo,EXP,DX,990999
LAMIA,EXP,DX,985341
Last Kingdom,EXP,DX,997875
Titania,EXP,DX,919977
YURUSHITE,EXP,DX,968930
MEGATON BLAST,EXP,DX,859295
脳天直撃,EXP,DX,980048
LiftOff,EXP,DX,987562
See The Light,EXP,DX,997166
エータ・ベータ・イータ,EXP,DX,985031
"Good bye, Merry-Go-Round.",EXP,DX,983342
SUPER AMBULANCE,EXP,DX,1002746
Don't Fight The Music,EXP,DX,975365
DETARAME ROCK&ROLL THEORY,EXP,STD,959981
オーケー？　オーライ！,EXP,DX,986142
Λzure Vixen,EXP,DX,982125
SQUAD-Phvntom-,EXP,DX,996087
インパアフェクシオン・ホワイトガアル,EXP,DX,1006931
蜘蛛の糸,EXP,DX,985216
電光石火,EXP,DX,983551
Hainuwele,EXP,DX,1002546
folern,EXP,DX,1000541
8-EM,EXP,DX,980338
PinqPiq (xovevox Remix),EXP,DX,999337
popcorn,EXP,DX,987471
The wheel to the right,EXP,STD,1007670
光線チューニング,EXP,STD,982834
World Vanquisher,EXP,STD,952981
My First Phone,EXP,STD,1000390
玩具狂奏曲 -終焉-,EXP,DX,988134
エンドマークに希望と涙を添えて,EXP,STD,999414
